city,YEAR,total arrivals by city,pct_of_county,county,lat,lon
Aberdeen,2019,574068,0.64,Brown,45.46812,-98.4854
Aberdeen,2020,438943,0.49,Brown,45.46812,-98.4854
Aberdeen,2021,582797,0.65,Brown,45.46812,-98.4854
Agar,2019,10177,0.40,Sully,44.84139,-100.15322
Agar,2020,7630,0.39,Sully,44.84139,-100.15322
Agar,2021,4621,0.25,Sully,44.84139,-100.15322
Akaska,2019,9113,0.10,Walworth,45.31494,-100.12939
Akaska,2020,7969,0.10,Walworth,45.31494,-100.12939
Akaska,2021,8168,0.10,Walworth,45.31494,-100.12939
Alcester,2019,10805,0.05,Union,43.00462,-96.61078
Alcester,2020,7705,0.04,Union,43.00462,-96.61078
Alcester,2021,6622,0.03,Union,43.00462,-96.61078
Alexandria,2019,8145,0.45,Hanson,43.65404,-97.77992
Alexandria,2020,9863,0.57,Hanson,43.65404,-97.77992
Alexandria,2021,10326,0.49,Hanson,43.65404,-97.77992
Allen,2019,4792,0.20,Bennett,43.27676,-101.93195
Allen,2020,1978,0.08,Bennett,43.27676,-101.93195
Allen,2021,2831,0.09,Bennett,43.27676,-101.93195
Alpena,2019,4727,0.17,Jerauld,44.18261,-98.37132
Alpena,2020,6548,0.33,Jerauld,44.18261,-98.37132
Alpena,2021,7889,0.30,Jerauld,44.18261,-98.37132
Amherst,2019,1422,0.03,Marshall,45.74929,-97.93238
Amherst,2020,540,0.01,Marshall,45.74929,-97.93238
Amherst,2021,582,0.01,Marshall,45.74929,-97.93238
Andover,2019,9700,0.08,Day,45.25062,-93.28758
Andover,2020,2243,0.02,Day,45.25062,-93.28758
Andover,2021,1871,0.02,Day,45.25062,-93.28758
Arlington,2019,34077,0.43,Kingsbury,44.39758,-97.14215
Arlington,2020,28337,0.48,Kingsbury,44.39758,-97.14215
Arlington,2021,27791,0.37,Kingsbury,44.39758,-97.14215
Armour,2019,11937,0.46,Douglas,43.31399,-98.33894
Armour,2020,12299,0.51,Douglas,43.31399,-98.33894
Armour,2021,14053,0.52,Douglas,43.31399,-98.33894
Artesian,2019,10875,0.42,Sanborn,44.05967,-98.04251
Artesian,2020,5649,0.33,Sanborn,44.05967,-98.04251
Artesian,2021,4200,0.22,Sanborn,44.05967,-98.04251
Ashton,2019,6103,0.09,Spink,45.00327,-98.55541
Ashton,2020,2716,0.05,Spink,45.00327,-98.55541
Ashton,2021,3471,0.05,Spink,45.00327,-98.55541
Astoria,2019,5037,0.09,Deuel,44.5548,-96.49185
Astoria,2020,6708,0.13,Deuel,44.5548,-96.49185
Astoria,2021,2482,0.05,Deuel,44.5548,-96.49185
Aurora,2019,8566,0.02,Brookings,39.6601,-104.77513
Aurora,2020,5916,0.02,Brookings,39.6601,-104.77513
Aurora,2021,6799,0.02,Brookings,39.6601,-104.77513
Avon,2019,10244,0.18,Bon Homme,42.99447,-98.05449
Avon,2020,12114,0.27,Bon Homme,42.99447,-98.05449
Avon,2021,13694,0.24,Bon Homme,42.99447,-98.05449
Badger,2019,226,0.00,Kingsbury,42.61411,-94.17311
Badger,2020,33,0.00,Kingsbury,42.61411,-94.17311
Badger,2021,260,0.00,Kingsbury,42.61411,-94.17311
Baltic,2019,14986,0.01,Minnehaha,43.74013,-96.743
Baltic,2020,10789,0.01,Minnehaha,43.74013,-96.743
Baltic,2021,12350,0.00,Minnehaha,43.74013,-96.743
Barnard,2019,291,0.00,Brown,40.18903,-94.85282
Barnard,2020,186,0.00,Brown,40.18903,-94.85282
Barnard,2021,0,0.00,Brown,40.18903,-94.85282
Batesland,2019,1619,0.03,Oglala Lakota,43.06335,-102.21738
Batesland,2020,3193,0.11,Oglala Lakota,43.06335,-102.21738
Batesland,2021,4397,0.09,Oglala Lakota,43.06335,-102.21738
Bath,2019,4516,0.01,Brown,45.47903,-98.33292
Bath,2020,1721,0.00,Brown,45.47903,-98.33292
Bath,2021,2057,0.00,Brown,45.47903,-98.33292
Belle Fourche,2019,90752,0.45,Butte,44.6831,-103.86483
Belle Fourche,2020,85808,0.45,Butte,44.6831,-103.86483
Belle Fourche,2021,95400,0.51,Butte,44.6831,-103.86483
Belvidere,2019,4805,0.03,Jackson,43.81049,-101.20332
Belvidere,2020,6065,0.04,Jackson,43.81049,-101.20332
Belvidere,2021,5940,0.03,Jackson,43.81049,-101.20332
Beresford,2019,56930,0.24,Union,43.09871,-96.78995
Beresford,2020,46096,0.27,Union,43.09871,-96.78995
Beresford,2021,54257,0.27,Union,43.09871,-96.78995
Big Stone City,2019,25630,0.24,Grant,45.29459,-96.5082
Big Stone City,2020,29996,0.35,Grant,45.29459,-96.5082
Big Stone City,2021,27481,0.28,Grant,45.29459,-96.5082
Bison,2019,9203,0.19,Perkins,45.48562,-102.48123
Bison,2020,6805,0.14,Perkins,45.48562,-102.48123
Bison,2021,6654,0.14,Perkins,45.48562,-102.48123
Black Hawk,2019,29704,0.06,Meade,44.17141,-103.32792
Black Hawk,2020,24449,0.05,Meade,44.17141,-103.32792
Black Hawk,2021,26667,0.05,Meade,44.17141,-103.32792
Blunt,2019,7128,0.02,Hughes,44.50371,-99.99506
Blunt,2020,6771,0.03,Hughes,44.50371,-99.99506
Blunt,2021,7349,0.03,Hughes,44.50371,-99.99506
Bonesteel,2019,12919,0.16,Gregory,43.08952,-98.95018
Bonesteel,2020,14605,0.18,Gregory,43.08952,-98.95018
Bonesteel,2021,11918,0.13,Gregory,43.08952,-98.95018
Bowdle,2019,5243,0.11,Edmunds,45.45419,-99.66356
Bowdle,2020,4254,0.11,Edmunds,45.45419,-99.66356
Bowdle,2021,6056,0.13,Edmunds,45.45419,-99.66356
Box Elder,2019,26569,0.01,Pennington,44.12715,-103.06704
Box Elder,2020,26052,0.01,Pennington,44.12715,-103.06704
Box Elder,2021,26338,0.01,Pennington,44.12715,-103.06704
Bradley,2019,1512,0.03,Clark,45.09655,-97.64174
Bradley,2020,1702,0.05,Clark,45.09655,-97.64174
Bradley,2021,1733,0.03,Clark,45.09655,-97.64174
Brandon,2019,113180,0.04,Minnehaha,43.58524,-96.5809
Brandon,2020,88693,0.05,Minnehaha,43.58524,-96.5809
Brandon,2021,108396,0.04,Minnehaha,43.58524,-96.5809
Brandt,2019,3435,0.06,Deuel,44.66753,-96.62958
Brandt,2020,2561,0.05,Deuel,44.66753,-96.62958
Brandt,2021,3061,0.06,Deuel,44.66753,-96.62958
Brentford,2019,0,0.00,Spink,45.15618,-98.32577
Brentford,2020,606,0.01,Spink,45.15618,-98.32577
Brentford,2021,280,0.00,Spink,45.15618,-98.32577
Bridgewater,2019,3182,0.07,Mccook,43.54957,-97.48059
Bridgewater,2020,4240,0.10,Mccook,43.54957,-97.48059
Bridgewater,2021,4202,0.11,Mccook,43.54957,-97.48059
Bristol,2019,4675,0.04,Day,45.32412,-97.77783
Bristol,2020,6177,0.07,Day,45.32412,-97.77783
Bristol,2021,3647,0.03,Day,45.32412,-97.77783
Britton,2019,23360,0.43,Marshall,45.80222,-97.73545
Britton,2020,18083,0.44,Marshall,45.80222,-97.73545
Britton,2021,23482,0.48,Marshall,45.80222,-97.73545
Brookings,2019,590816,1.30,Brookings,44.30305,-96.78879
Brookings,2020,304624,1.19,Brookings,44.30305,-96.78879
Brookings,2021,417625,1.21,Brookings,44.30305,-96.78879
Bruce,2019,11216,0.02,Brookings,44.46096,-96.90417
Bruce,2020,12039,0.05,Brookings,44.46096,-96.90417
Bruce,2021,8991,0.03,Brookings,44.46096,-96.90417
Bryant,2019,4405,0.05,Hamlin,44.59156,-97.4397
Bryant,2020,9165,0.12,Hamlin,44.59156,-97.4397
Bryant,2021,4872,0.07,Hamlin,44.59156,-97.4397
Buffalo,2019,24709,0.68,Harding,45.61688,-103.62856
Buffalo,2020,23050,0.67,Harding,45.61688,-103.62856
Buffalo,2021,20683,0.65,Harding,45.61688,-103.62856
Buffalo Gap,2019,2086,0.00,Custer,43.49139,-103.16055
Buffalo Gap,2020,1632,0.00,Custer,43.49139,-103.16055
Buffalo Gap,2021,1372,0.00,Custer,43.49139,-103.16055
Bullhead,2019,316,0.01,Corson,45.76904,-101.06562
Bullhead,2020,741,0.02,Corson,45.76904,-101.06562
Bullhead,2021,166,0.01,Corson,45.76904,-101.06562
Burbank,2019,15250,0.09,Clay,42.7879,-96.81926
Burbank,2020,16851,0.15,Clay,42.7879,-96.81926
Burbank,2021,18149,0.11,Clay,42.7879,-96.81926
Burke,2019,18444,0.23,Gregory,43.18212,-99.2861
Burke,2020,24119,0.30,Gregory,43.18212,-99.2861
Burke,2021,25588,0.28,Gregory,43.18212,-99.2861
Camp Crook,2019,3462,0.10,Harding,45.55113,-104.08409
Camp Crook,2020,1801,0.05,Harding,45.55113,-104.08409
Camp Crook,2021,736,0.02,Harding,45.55113,-104.08409
Canistota,2019,7980,0.16,Mccook,43.59748,-97.24911
Canistota,2020,8427,0.20,Mccook,43.59748,-97.24911
Canistota,2021,7302,0.19,Mccook,43.59748,-97.24911
Canova,2019,488,0.03,Miner,43.86939,-97.55449
Canova,2020,2400,0.18,Miner,43.86939,-97.55449
Canova,2021,2412,0.19,Miner,43.86939,-97.55449
Canton,2019,28818,0.05,Lincoln,43.29664,-96.59546
Canton,2020,22473,0.06,Lincoln,43.29664,-96.59546
Canton,2021,15736,0.03,Lincoln,43.29664,-96.59546
Caputa,2019,947,0.00,Pennington,43.99475,-102.92358
Caputa,2020,1119,0.00,Pennington,43.99475,-102.92358
Caputa,2021,416,0.00,Pennington,43.99475,-102.92358
Carpenter,2019,1797,0.04,Clark,44.57733,-97.95436
Carpenter,2020,1390,0.04,Clark,44.57733,-97.95436
Carpenter,2021,1491,0.03,Clark,44.57733,-97.95436
Carthage,2019,913,0.06,Miner,44.1803,-97.71633
Carthage,2020,1660,0.12,Miner,44.1803,-97.71633
Carthage,2021,1521,0.12,Miner,44.1803,-97.71633
Castlewood,2019,15713,0.18,Hamlin,44.7194,-97.03604
Castlewood,2020,15582,0.20,Hamlin,44.7194,-97.03604
Castlewood,2021,15730,0.22,Hamlin,44.7194,-97.03604
Cavour,2019,1010,0.01,Beadle,44.33033,-98.04498
Cavour,2020,2353,0.02,Beadle,44.33033,-98.04498
Cavour,2021,1503,0.01,Beadle,44.33033,-98.04498
Centerville,2019,2978,0.07,Turner,43.09749,-96.95614
Centerville,2020,7178,0.23,Turner,43.09749,-96.95614
Centerville,2021,7600,0.20,Turner,43.09749,-96.95614
Chamberlain,2019,92442,0.56,Brule,43.78567,-99.32009
Chamberlain,2020,88921,0.59,Brule,43.78567,-99.32009
Chamberlain,2021,89898,0.53,Brule,43.78567,-99.32009
Chancellor,2019,4991,0.12,Turner,43.41727,-96.97601
Chancellor,2020,3830,0.12,Turner,43.41727,-96.97601
Chancellor,2021,3548,0.09,Turner,43.41727,-96.97601
Cherry Creek,2019,697,0.13,Ziebach,44.63786,-101.52699
Cherry Creek,2020,320,0.06,Ziebach,44.63786,-101.52699
Cherry Creek,2021,702,0.08,Ziebach,44.63786,-101.52699
Chester,2019,3617,0.04,Lake,43.90551,-96.94779
Chester,2020,4504,0.07,Lake,43.90551,-96.94779
Chester,2021,5302,0.07,Lake,43.90551,-96.94779
Claire City,2019,1141,0.01,Roberts,45.86114,-97.09999
Claire City,2020,651,0.01,Roberts,45.86114,-97.09999
Claire City,2021,2002,0.01,Roberts,45.86114,-97.09999
Claremont,2019,3942,0.00,Brown,45.68049,-98.00242
Claremont,2020,1664,0.00,Brown,45.68049,-98.00242
Claremont,2021,2317,0.00,Brown,45.68049,-98.00242
Clark,2019,22801,0.52,Clark,44.89137,-97.73356
Clark,2020,21967,0.59,Clark,44.89137,-97.73356
Clark,2021,27986,0.54,Clark,44.89137,-97.73356
Clear Lake,2019,28948,0.49,Deuel,44.75654,-96.71677
Clear Lake,2020,20342,0.41,Deuel,44.75654,-96.71677
Clear Lake,2021,26404,0.55,Deuel,44.75654,-96.71677
Colman,2019,8091,0.18,Moody,43.97362,-96.81997
Colman,2020,9478,0.26,Moody,43.97362,-96.81997
Colman,2021,8540,0.21,Moody,43.97362,-96.81997
Colome,2019,5377,0.07,Tripp,43.22956,-99.74404
Colome,2020,12639,0.17,Tripp,43.22956,-99.74404
Colome,2021,9416,0.13,Tripp,43.22956,-99.74404
Colton,2019,4786,0.00,Minnehaha,43.79246,-96.9416
Colton,2020,9056,0.00,Minnehaha,43.79246,-96.9416
Colton,2021,4758,0.00,Minnehaha,43.79246,-96.9416
Columbia,2019,3971,0.00,Brown,45.61189,-98.31264
Columbia,2020,2050,0.00,Brown,45.61189,-98.31264
Columbia,2021,2165,0.00,Brown,45.61189,-98.31264
Conde,2019,3910,0.06,Spink,45.17272,-98.11625
Conde,2020,3925,0.07,Spink,45.17272,-98.11625
Conde,2021,4103,0.06,Spink,45.17272,-98.11625
Corona,2019,18616,0.12,Roberts,45.36599,-96.70427
Corona,2020,13162,0.10,Roberts,45.36599,-96.70427
Corona,2021,18882,0.12,Roberts,45.36599,-96.70427
Corsica,2019,20729,0.79,Douglas,43.44,-98.42779
Corsica,2020,17763,0.74,Douglas,43.44,-98.42779
Corsica,2021,16274,0.60,Douglas,43.44,-98.42779
Cresbard,2019,1621,0.06,Faulk,45.17268,-98.93258
Cresbard,2020,1500,0.07,Faulk,45.17268,-98.93258
Cresbard,2021,1638,0.08,Faulk,45.17268,-98.93258
Crooks,2019,1338,0.00,Minnehaha,43.66082,-96.81764
Crooks,2020,2058,0.00,Minnehaha,43.66082,-96.81764
Crooks,2021,1634,0.00,Minnehaha,43.66082,-96.81764
Custer,2019,206911,0.33,Custer,43.74773,-103.59894
Custer,2020,199161,0.33,Custer,43.74773,-103.59894
Custer,2021,177603,0.30,Custer,43.74773,-103.59894
Dallas,2019,8219,0.10,Gregory,32.84277,-96.79333
Dallas,2020,8312,0.10,Gregory,32.84277,-96.79333
Dallas,2021,7687,0.08,Gregory,32.84277,-96.79333
Dante,2019,1104,0.01,Charles Mix,43.02365,-98.17439
Dante,2020,2099,0.01,Charles Mix,43.02365,-98.17439
Dante,2021,2213,0.01,Charles Mix,43.02365,-98.17439
Davis,2019,1127,0.03,Turner,43.29115,-96.93874
Davis,2020,1291,0.04,Turner,43.29115,-96.93874
Davis,2021,778,0.02,Turner,43.29115,-96.93874
De Smet,2019,18580,0.24,Kingsbury,44.40778,-97.56762
De Smet,2020,14649,0.25,Kingsbury,44.40778,-97.56762
De Smet,2021,19913,0.27,Kingsbury,44.40778,-97.56762
Deadwood,2019,353169,0.36,Lawrence,44.32023,-103.70483
Deadwood,2020,281143,0.33,Lawrence,44.32023,-103.70483
Deadwood,2021,291331,0.31,Lawrence,44.32023,-103.70483
Dell Rapids,2019,31130,0.01,Minnehaha,43.84078,-96.72126
Dell Rapids,2020,21793,0.01,Minnehaha,43.84078,-96.72126
Dell Rapids,2021,33416,0.01,Minnehaha,43.84078,-96.72126
Delmont,2019,3020,0.12,Douglas,43.25182,-98.16035
Delmont,2020,3570,0.15,Douglas,43.25182,-98.16035
Delmont,2021,2969,0.11,Douglas,43.25182,-98.16035
Dimock,2019,2869,0.06,Hutchinson,43.47897,-98.0208
Dimock,2020,2153,0.06,Hutchinson,43.47897,-98.0208
Dimock,2021,1509,0.03,Hutchinson,43.47897,-98.0208
Doland,2019,5630,0.09,Spink,44.86354,-98.10416
Doland,2020,5795,0.10,Spink,44.86354,-98.10416
Doland,2021,6553,0.09,Spink,44.86354,-98.10416
Draper,2019,5337,0.06,Jones,43.96446,-100.51825
Draper,2020,6775,0.10,Jones,43.96446,-100.51825
Draper,2021,5257,0.07,Jones,43.96446,-100.51825
Dupree,2019,7086,1.36,Ziebach,45.06406,-101.6206
Dupree,2020,7256,1.33,Ziebach,45.06406,-101.6206
Dupree,2021,10280,1.22,Ziebach,45.06406,-101.6206
Eagle Butte,2019,24767,0.51,Dewey,44.99681,-101.21456
Eagle Butte,2020,14679,0.41,Dewey,44.99681,-101.21456
Eagle Butte,2021,23665,0.50,Dewey,44.99681,-101.21456
Eden,2019,7701,0.14,Marshall,45.61668,-97.37952
Eden,2020,7969,0.19,Marshall,45.61668,-97.37952
Eden,2021,10780,0.22,Marshall,45.61668,-97.37952
Edgemont,2019,24516,0.12,Fall River,43.2851,-103.83311
Edgemont,2020,26354,0.16,Fall River,43.2851,-103.83311
Edgemont,2021,33886,0.17,Fall River,43.2851,-103.83311
Egan,2019,2002,0.05,Moody,44.00083,-96.66277
Egan,2020,2153,0.06,Moody,44.00083,-96.66277
Egan,2021,561,0.01,Moody,44.00083,-96.66277
Elk Point,2019,22405,0.10,Union,42.6982,-96.67681
Elk Point,2020,19422,0.11,Union,42.6982,-96.67681
Elk Point,2021,17342,0.09,Union,42.6982,-96.67681
Elkton,2019,10738,0.02,Brookings,44.24483,-96.49858
Elkton,2020,8609,0.03,Brookings,44.24483,-96.49858
Elkton,2021,10227,0.03,Brookings,44.24483,-96.49858
Ellsworth Afb,2019,15432,0.03,Meade,44.14316,-103.07404
Ellsworth Afb,2020,4613,0.01,Meade,44.14316,-103.07404
Ellsworth Afb,2021,7188,0.01,Meade,44.14316,-103.07404
Emery,2019,8902,0.49,Hanson,43.60137,-97.62781
Emery,2020,7249,0.42,Hanson,43.60137,-97.62781
Emery,2021,8296,0.40,Hanson,43.60137,-97.62781
Erwin,2019,708,0.01,Kingsbury,44.517,-97.41278
Erwin,2020,345,0.01,Kingsbury,44.517,-97.41278
Erwin,2021,193,0.00,Kingsbury,44.517,-97.41278
Estelline,2019,28542,0.33,Hamlin,44.58915,-96.92665
Estelline,2020,21847,0.28,Hamlin,44.58915,-96.92665
Estelline,2021,20189,0.28,Hamlin,44.58915,-96.92665
Ethan,2019,2340,0.01,Davison,43.54037,-97.98252
Ethan,2020,4041,0.01,Davison,43.54037,-97.98252
Ethan,2021,3917,0.01,Davison,43.54037,-97.98252
Eureka,2019,25967,0.99,Mcpherson,45.80813,-99.6431
Eureka,2020,11238,0.80,Mcpherson,45.80813,-99.6431
Eureka,2021,12697,0.83,Mcpherson,45.80813,-99.6431
Fairburn,2019,769,0.00,Custer,43.67089,-103.19248
Fairburn,2020,369,0.00,Custer,43.67089,-103.19248
Fairburn,2021,455,0.00,Custer,43.67089,-103.19248
Fairfax,2019,7000,0.09,Gregory,43.04206,-98.84758
Fairfax,2020,6796,0.08,Gregory,43.04206,-98.84758
Fairfax,2021,10699,0.12,Gregory,43.04206,-98.84758
Fairview,2019,0,0.00,Lincoln,47.84925,-104.05313
Fairview,2020,0,0.00,Lincoln,47.84925,-104.05313
Fairview,2021,0,0.00,Lincoln,47.84925,-104.05313
Faith,2019,24801,0.05,Meade,45.02183,-102.13363
Faith,2020,27874,0.06,Meade,45.02183,-102.13363
Faith,2021,26284,0.05,Meade,45.02183,-102.13363
Faulkton,2019,23129,0.90,Faulk,45.03896,-99.12369
Faulkton,2020,21877,1.03,Faulk,45.03896,-99.12369
Faulkton,2021,17642,0.87,Faulk,45.03896,-99.12369
Fedora,2019,823,0.06,Miner,44.02954,-97.78748
Fedora,2020,1321,0.10,Miner,44.02954,-97.78748
Fedora,2021,1267,0.10,Miner,44.02954,-97.78748
Ferney,2019,264,0.00,Brown,45.32971,-98.10499
Ferney,2020,0,0.00,Brown,45.32971,-98.10499
Ferney,2021,195,0.00,Brown,45.32971,-98.10499
Flandreau,2019,32014,0.73,Moody,44.05795,-96.60304
Flandreau,2020,19628,0.54,Moody,44.05795,-96.60304
Flandreau,2021,29951,0.75,Moody,44.05795,-96.60304
Florence,2019,7754,0.02,Codington,45.06104,-97.28989
Florence,2020,4546,0.01,Codington,45.06104,-97.28989
Florence,2021,6754,0.02,Codington,45.06104,-97.28989
Fort Meade,2019,4093,0.01,Meade,44.40674,-103.46924
Fort Meade,2020,1276,0.00,Meade,44.40674,-103.46924
Fort Meade,2021,3201,0.01,Meade,44.40674,-103.46924
Fort Pierre,2019,121346,0.95,Stanley,44.37635,-100.41124
Fort Pierre,2020,116424,1.07,Stanley,44.37635,-100.41124
Fort Pierre,2021,130005,0.99,Stanley,44.37635,-100.41124
Fort Thompson,2019,15903,0.75,Buffalo,44.06583,-99.41874
Fort Thompson,2020,7809,0.58,Buffalo,44.06583,-99.41874
Fort Thompson,2021,12475,0.65,Buffalo,44.06583,-99.41874
Frankfort,2019,3751,0.06,Spink,44.8836,-98.2881
Frankfort,2020,4542,0.08,Spink,44.8836,-98.2881
Frankfort,2021,5342,0.08,Spink,44.8836,-98.2881
Frederick,2019,10896,0.01,Brown,45.82092,-98.4856
Frederick,2020,8575,0.01,Brown,45.82092,-98.4856
Frederick,2021,9232,0.01,Brown,45.82092,-98.4856
Freeman,2019,21567,0.44,Hutchinson,43.34001,-97.44884
Freeman,2020,12570,0.36,Hutchinson,43.34001,-97.44884
Freeman,2021,16859,0.35,Hutchinson,43.34001,-97.44884
Fulton,2019,2884,0.16,Hanson,43.73835,-97.83172
Fulton,2020,1807,0.10,Hanson,43.73835,-97.83172
Fulton,2021,1176,0.06,Hanson,43.73835,-97.83172
Gann Valley,2019,3477,0.16,Buffalo,44.14602,-99.04118
Gann Valley,2020,3797,0.28,Buffalo,44.14602,-99.04118
Gann Valley,2021,3267,0.17,Buffalo,44.14602,-99.04118
Garden City,2019,1481,0.03,Clark,37.98086,-100.85794
Garden City,2020,664,0.02,Clark,37.98086,-100.85794
Garden City,2021,1992,0.04,Clark,37.98086,-100.85794
Garretson,2019,22149,0.01,Minnehaha,43.72081,-96.52266
Garretson,2020,22058,0.01,Minnehaha,43.72081,-96.52266
Garretson,2021,22217,0.01,Minnehaha,43.72081,-96.52266
Gary,2019,24922,0.42,Deuel,44.75308,-96.4814
Gary,2020,22809,0.46,Deuel,44.75308,-96.4814
Gary,2021,21610,0.45,Deuel,44.75308,-96.4814
Gayville,2019,2727,0.01,Yankton,42.86941,-97.18044
Gayville,2020,3374,0.02,Yankton,42.86941,-97.18044
Gayville,2021,5028,0.02,Yankton,42.86941,-97.18044
Geddes,2019,22742,0.16,Charles Mix,43.24881,-98.69203
Geddes,2020,26132,0.17,Charles Mix,43.24881,-98.69203
Geddes,2021,25090,0.15,Charles Mix,43.24881,-98.69203
Gettysburg,2019,49461,1.03,Potter,45.02914,-100.00351
Gettysburg,2020,47515,1.17,Potter,45.02914,-100.00351
Gettysburg,2021,45645,1.09,Potter,45.02914,-100.00351
Glencross,2019,394,0.01,Dewey,45.46143,-100.92041
Glencross,2020,498,0.01,Dewey,45.46143,-100.92041
Glencross,2021,200,0.00,Dewey,45.46143,-100.92041
Glenham,2019,22863,0.24,Walworth,45.56133,-100.31742
Glenham,2020,25223,0.32,Walworth,45.56133,-100.31742
Glenham,2021,23808,0.28,Walworth,45.56133,-100.31742
Goodwin,2019,6543,0.11,Deuel,44.86042,-96.84902
Goodwin,2020,4504,0.09,Deuel,44.86042,-96.84902
Goodwin,2021,3584,0.08,Deuel,44.86042,-96.84902
Gregory,2019,40688,0.50,Gregory,43.24258,-99.42818
Gregory,2020,31103,0.38,Gregory,43.24258,-99.42818
Gregory,2021,41302,0.45,Gregory,43.24258,-99.42818
Grenville,2019,28950,0.25,Day,45.50044,-97.29943
Grenville,2020,25119,0.27,Day,45.50044,-97.29943
Grenville,2021,20404,0.19,Day,45.50044,-97.29943
Groton,2019,19917,0.02,Brown,45.47186,-98.11091
Groton,2020,18307,0.02,Brown,45.47186,-98.11091
Groton,2021,23889,0.03,Brown,45.47186,-98.11091
Hamill,2019,3483,0.04,Tripp,43.58628,-99.69572
Hamill,2020,5271,0.07,Tripp,43.58628,-99.69572
Hamill,2021,3814,0.05,Tripp,43.58628,-99.69572
Harrisburg,2019,53405,0.10,Lincoln,43.43631,-96.69373
Harrisburg,2020,45022,0.12,Lincoln,43.43631,-96.69373
Harrisburg,2021,52696,0.11,Lincoln,43.43631,-96.69373
Harrison,2019,693,0.03,Douglas,43.43675,-98.58274
Harrison,2020,1226,0.05,Douglas,43.43675,-98.58274
Harrison,2021,1960,0.07,Douglas,43.43675,-98.58274
Harrold,2019,9762,0.03,Hughes,44.49955,-99.73383
Harrold,2020,12264,0.05,Hughes,44.49955,-99.73383
Harrold,2021,15158,0.05,Hughes,44.49955,-99.73383
Hartford,2019,52394,0.02,Minnehaha,43.6119,-96.94067
Hartford,2020,31660,0.02,Minnehaha,43.6119,-96.94067
Hartford,2021,34064,0.01,Minnehaha,43.6119,-96.94067
Hayes,2019,647,0.01,Stanley,44.50795,-101.04775
Hayes,2020,1204,0.01,Stanley,44.50795,-101.04775
Hayes,2021,1515,0.01,Stanley,44.50795,-101.04775
Hayti,2019,11277,0.13,Hamlin,44.67402,-97.1967
Hayti,2020,7120,0.09,Hamlin,44.67402,-97.1967
Hayti,2021,6306,0.09,Hamlin,44.67402,-97.1967
Hazel,2019,3902,0.05,Hamlin,44.76691,-97.35797
Hazel,2020,3305,0.04,Hamlin,44.76691,-97.35797
Hazel,2021,2004,0.03,Hamlin,44.76691,-97.35797
Hecla,2019,4958,0.01,Brown,45.88145,-98.13025
Hecla,2020,7480,0.01,Brown,45.88145,-98.13025
Hecla,2021,6919,0.01,Brown,45.88145,-98.13025
Henry,2019,3441,0.01,Codington,44.89158,-97.43311
Henry,2020,4997,0.01,Codington,44.89158,-97.43311
Henry,2021,4868,0.01,Codington,44.89158,-97.43311
Hermosa,2019,21347,0.03,Custer,43.83905,-103.18445
Hermosa,2020,23618,0.04,Custer,43.83905,-103.18445
Hermosa,2021,24875,0.04,Custer,43.83905,-103.18445
Herreid,2019,11354,0.43,Campbell,45.84139,-100.07648
Herreid,2020,11015,0.55,Campbell,45.84139,-100.07648
Herreid,2021,14148,0.59,Campbell,45.84139,-100.07648
Herrick,2019,1611,0.02,Gregory,43.13461,-99.20439
Herrick,2020,2478,0.03,Gregory,43.13461,-99.20439
Herrick,2021,1863,0.02,Gregory,43.13461,-99.20439
Highmore,2019,26340,1.05,Hyde,44.52308,-99.43817
Highmore,2020,20282,1.04,Hyde,44.52308,-99.43817
Highmore,2021,24943,1.20,Hyde,44.52308,-99.43817
Hill City,2019,141711,0.06,Pennington,43.94134,-103.58365
Hill City,2020,145553,0.07,Pennington,43.94134,-103.58365
Hill City,2021,127126,0.05,Pennington,43.94134,-103.58365
Hitchcock,2019,5136,0.03,Beadle,44.62245,-98.37034
Hitchcock,2020,4062,0.03,Beadle,44.62245,-98.37034
Hitchcock,2021,3932,0.02,Beadle,44.62245,-98.37034
Holabird,2019,739,0.03,Hyde,44.53699,-99.62935
Holabird,2020,1203,0.06,Hyde,44.53699,-99.62935
Holabird,2021,542,0.03,Hyde,44.53699,-99.62935
Hosmer,2019,4256,0.09,Edmunds,45.60918,-99.42522
Hosmer,2020,1508,0.04,Edmunds,45.60918,-99.42522
Hosmer,2021,1739,0.04,Edmunds,45.60918,-99.42522
Hot Springs,2019,91142,0.44,Fall River,43.41255,-103.4735
Hot Springs,2020,83350,0.51,Fall River,43.41255,-103.4735
Hot Springs,2021,77096,0.40,Fall River,43.41255,-103.4735
Houghton,2019,218,0.00,Brown,45.73147,-98.20019
Houghton,2020,597,0.00,Brown,45.73147,-98.20019
Houghton,2021,317,0.00,Brown,45.73147,-98.20019
Hoven,2019,7827,0.16,Potter,45.2422,-99.7873
Hoven,2020,6164,0.15,Potter,45.2422,-99.7873
Hoven,2021,7892,0.19,Potter,45.2422,-99.7873
Howard,2019,15275,1.04,Miner,44.04342,-97.53657
Howard,2020,12543,0.92,Miner,44.04342,-97.53657
Howard,2021,9590,0.76,Miner,44.04342,-97.53657
Howes,2019,2398,0.01,Meade,44.6095,-101.95172
Howes,2020,2853,0.01,Meade,44.6095,-101.95172
Howes,2021,2836,0.01,Meade,44.6095,-101.95172
Hudson,2019,2300,0.00,Lincoln,44.97768,-92.71656
Hudson,2020,2664,0.01,Lincoln,44.97768,-92.71656
Hudson,2021,3468,0.01,Lincoln,44.97768,-92.71656
Humboldt,2019,4870,0.00,Minnehaha,43.65224,-97.07276
Humboldt,2020,4396,0.00,Minnehaha,43.65224,-97.07276
Humboldt,2021,5271,0.00,Minnehaha,43.65224,-97.07276
Hurley,2019,4591,0.11,Turner,43.26554,-97.1161
Hurley,2020,3678,0.12,Turner,43.26554,-97.1161
Hurley,2021,6045,0.16,Turner,43.26554,-97.1161
Huron,2019,270776,1.33,Beadle,44.36384,-98.21095
Huron,2020,196825,1.26,Beadle,44.36384,-98.21095
Huron,2021,257637,1.35,Beadle,44.36384,-98.21095
Ideal,2019,2185,0.03,Tripp,43.58369,-99.9098
Ideal,2020,1913,0.03,Tripp,43.58369,-99.9098
Ideal,2021,1169,0.02,Tripp,43.58369,-99.9098
Interior,2019,12198,0.07,Jackson,43.63162,-101.92402
Interior,2020,14018,0.08,Jackson,43.63162,-101.92402
Interior,2021,9252,0.05,Jackson,43.63162,-101.92402
Ipswich,2019,25840,0.56,Edmunds,45.46125,-98.91961
Ipswich,2020,25491,0.68,Edmunds,45.46125,-98.91961
Ipswich,2021,30028,0.63,Edmunds,45.46125,-98.91961
Irene,2019,5777,0.03,Clay,43.0951,-97.20041
Irene,2020,4553,0.04,Clay,43.0951,-97.20041
Irene,2021,4070,0.02,Clay,43.0951,-97.20041
Iroquois,2019,11637,0.15,Kingsbury,44.35601,-97.85083
Iroquois,2020,8168,0.14,Kingsbury,44.35601,-97.85083
Iroquois,2021,14429,0.19,Kingsbury,44.35601,-97.85083
Isabel,2019,11511,0.24,Dewey,45.41153,-101.40322
Isabel,2020,8012,0.22,Dewey,45.41153,-101.40322
Isabel,2021,8486,0.18,Dewey,45.41153,-101.40322
Java,2019,3544,0.04,Walworth,45.58878,-99.84545
Java,2020,853,0.01,Walworth,45.58878,-99.84545
Java,2021,623,0.01,Walworth,45.58878,-99.84545
Jefferson,2019,13518,0.06,Union,42.56919,-96.57449
Jefferson,2020,14382,0.08,Union,42.56919,-96.57449
Jefferson,2021,11241,0.06,Union,42.56919,-96.57449
Kadoka,2019,37466,0.21,Jackson,43.83275,-101.50811
Kadoka,2020,33452,0.20,Jackson,43.83275,-101.50811
Kadoka,2021,43871,0.25,Jackson,43.83275,-101.50811
Keldron,2019,1242,0.04,Corson,45.72769,-101.89517
Keldron,2020,969,0.03,Corson,45.72769,-101.89517
Keldron,2021,1454,0.05,Corson,45.72769,-101.89517
Kennebec,2019,14881,0.04,Lyman,43.91368,-99.86892
Kennebec,2020,14337,0.05,Lyman,43.91368,-99.86892
Kennebec,2021,11564,0.04,Lyman,43.91368,-99.86892
Keystone,2019,118521,0.05,Pennington,43.88537,-103.37442
Keystone,2020,111398,0.05,Pennington,43.88537,-103.37442
Keystone,2021,98896,0.04,Pennington,43.88537,-103.37442
Kimball,2019,36601,0.22,Brule,43.7599,-98.94987
Kimball,2020,30189,0.20,Brule,43.7599,-98.94987
Kimball,2021,36495,0.21,Brule,43.7599,-98.94987
Kranzburg,2019,272,0.00,Codington,44.89014,-96.92139
Kranzburg,2020,629,0.00,Codington,44.89014,-96.92139
Kranzburg,2021,547,0.00,Codington,44.89014,-96.92139
Kyle,2019,5473,0.10,Oglala Lakota,43.42793,-102.16299
Kyle,2020,2274,0.08,Oglala Lakota,43.42793,-102.16299
Kyle,2021,3823,0.08,Oglala Lakota,43.42793,-102.16299
Labolt,2019,3644,0.03,Grant,45.05461,-96.66554
Labolt,2020,2355,0.03,Grant,45.05461,-96.66554
Labolt,2021,1772,0.02,Grant,45.05461,-96.66554
Lake Andes,2019,65581,0.45,Charles Mix,43.14655,-98.52471
Lake Andes,2020,71308,0.46,Charles Mix,43.14655,-98.52471
Lake Andes,2021,74922,0.44,Charles Mix,43.14655,-98.52471
Lake City,2019,22543,0.41,Marshall,44.43709,-92.28506
Lake City,2020,15318,0.37,Marshall,44.43709,-92.28506
Lake City,2021,18650,0.38,Marshall,44.43709,-92.28506
Lake Norden,2019,40960,0.47,Hamlin,44.58123,-97.1722
Lake Norden,2020,40033,0.51,Hamlin,44.58123,-97.1722
Lake Norden,2021,38289,0.53,Hamlin,44.58123,-97.1722
Lake Preston,2019,15407,0.20,Kingsbury,44.36147,-97.35501
Lake Preston,2020,16125,0.27,Kingsbury,44.36147,-97.35501
Lake Preston,2021,18332,0.24,Kingsbury,44.36147,-97.35501
Lane,2019,461,0.02,Jerauld,44.05518,-98.41553
Lane,2020,962,0.05,Jerauld,44.05518,-98.41553
Lane,2021,535,0.02,Jerauld,44.05518,-98.41553
Langford,2019,5236,0.10,Marshall,45.59507,-97.82205
Langford,2020,4391,0.11,Marshall,45.59507,-97.82205
Langford,2021,4881,0.10,Marshall,45.59507,-97.82205
Lantry,2019,333,0.01,Dewey,45.0273,-101.4442
Lantry,2020,335,0.01,Dewey,45.0273,-101.4442
Lantry,2021,142,0.00,Dewey,45.0273,-101.4442
Lead,2019,205955,0.21,Lawrence,44.35109,-103.78491
Lead,2020,229526,0.27,Lawrence,44.35109,-103.78491
Lead,2021,257407,0.27,Lawrence,44.35109,-103.78491
Lebanon,2019,955,0.02,Potter,37.67673,-92.66177
Lebanon,2020,667,0.02,Potter,37.67673,-92.66177
Lebanon,2021,737,0.02,Potter,37.67673,-92.66177
Lemmon,2019,42723,0.87,Perkins,45.92177,-102.16316
Lemmon,2020,40252,0.84,Perkins,45.92177,-102.16316
Lemmon,2021,41787,0.88,Perkins,45.92177,-102.16316
Lennox,2019,22223,0.04,Lincoln,43.35571,-96.87486
Lennox,2020,17727,0.05,Lincoln,43.35571,-96.87486
Lennox,2021,19163,0.04,Lincoln,43.35571,-96.87486
Leola,2019,4174,0.16,Mcpherson,45.72507,-98.96186
Leola,2020,6098,0.43,Mcpherson,45.72507,-98.96186
Leola,2021,6401,0.42,Mcpherson,45.72507,-98.96186
Lesterville,2019,3571,0.02,Yankton,43.05044,-97.59298
Lesterville,2020,785,0.00,Yankton,43.05044,-97.59298
Lesterville,2021,2599,0.01,Yankton,43.05044,-97.59298
Letcher,2019,5310,0.21,Sanborn,43.88711,-98.17453
Letcher,2020,3925,0.23,Sanborn,43.88711,-98.17453
Letcher,2021,3749,0.20,Sanborn,43.88711,-98.17453
Little Eagle,2019,0,0.00,Corson,45.68115,-100.78857
Little Eagle,2020,716,0.02,Corson,45.68115,-100.78857
Little Eagle,2021,668,0.02,Corson,45.68115,-100.78857
Lodgepole,2019,955,0.02,Perkins,41.19041,-102.67844
Lodgepole,2020,1304,0.03,Perkins,41.19041,-102.67844
Lodgepole,2021,1433,0.03,Perkins,41.19041,-102.67844
Long Lake,2019,794,0.03,Mcpherson,45.86081,-99.18097
Long Lake,2020,921,0.07,Mcpherson,45.86081,-99.18097
Long Lake,2020,921,0.07,Mcpherson,44.98384,-93.58353
Long Lake,2021,1250,0.08,Mcpherson,44.98384,-93.58353
Long Valley,2019,1123,0.01,Jackson,43.4631,-101.48591
Long Valley,2020,1846,0.01,Jackson,43.4631,-101.48591
Long Valley,2021,4970,0.03,Jackson,43.4631,-101.48591
Lower Brule,2019,8541,0.02,Lyman,44.07529,-99.68845
Lower Brule,2020,5167,0.02,Lyman,44.07529,-99.68845
Lower Brule,2021,8549,0.03,Lyman,44.07529,-99.68845
Ludlow,2019,2325,0.06,Harding,45.86652,-103.43847
Ludlow,2020,2680,0.08,Harding,45.86652,-103.43847
Ludlow,2021,1462,0.05,Harding,45.86652,-103.43847
Lyons,2019,576,0.00,Minnehaha,41.94032,-96.46631
Lyons,2020,1222,0.00,Minnehaha,41.94032,-96.46631
Lyons,2021,1356,0.00,Minnehaha,41.94032,-96.46631
Madison,2019,86519,1.06,Lake,44.00804,-97.12132
Madison,2020,66764,1.04,Lake,44.00804,-97.12132
Madison,2021,84011,1.10,Lake,44.00804,-97.12132
Manderson,2019,498,0.01,Oglala Lakota,43.23252,-102.46025
Manderson,2020,571,0.02,Oglala Lakota,43.23252,-102.46025
Manderson,2021,443,0.01,Oglala Lakota,43.23252,-102.46025
Mansfield,2019,2878,0.00,Brown,45.26436,-98.6169
Mansfield,2020,2967,0.00,Brown,45.26436,-98.6169
Mansfield,2021,1737,0.00,Brown,45.26436,-98.6169
Marion,2019,9065,0.23,Turner,43.42631,-97.28982
Marion,2020,8181,0.26,Turner,43.42631,-97.28982
Marion,2021,9180,0.24,Turner,43.42631,-97.28982
Martin,2019,30167,1.29,Bennett,43.17857,-101.72007
Martin,2020,32704,1.36,Bennett,43.17857,-101.72007
Martin,2021,41124,1.35,Bennett,43.17857,-101.72007
Marty,2019,0,0.00,Charles Mix,43.00049,-98.41553
Marty,2020,338,0.00,Charles Mix,43.00049,-98.41553
Marty,2021,1028,0.01,Charles Mix,43.00049,-98.41553
Marvin,2019,5215,0.05,Grant,45.29626,-96.94336
Marvin,2020,1100,0.01,Grant,45.29626,-96.94336
Marvin,2021,1918,0.02,Grant,45.29626,-96.94336
Mc Intosh,2019,1154,0.04,Corson,45.91602,-101.34993
Mc Intosh,2020,1499,0.05,Corson,45.91602,-101.34993
Mc Intosh,2021,2314,0.07,Corson,45.91602,-101.34993
Mc Laughlin,2019,9555,0.33,Corson,45.8123,-100.78854
Mc Laughlin,2020,8916,0.30,Corson,45.8123,-100.78854
Mc Laughlin,2021,9359,0.30,Corson,45.8123,-100.78854
Meadow,2019,3364,0.07,Perkins,45.36808,-102.30568
Meadow,2020,3357,0.07,Perkins,45.36808,-102.30568
Meadow,2021,2028,0.04,Perkins,45.36808,-102.30568
Mellette,2019,2547,0.04,Spink,45.15436,-98.47869
Mellette,2020,3481,0.06,Spink,45.15436,-98.47869
Mellette,2021,4135,0.06,Spink,45.15436,-98.47869
Menno,2019,6508,0.13,Hutchinson,43.22024,-97.56497
Menno,2020,5523,0.16,Hutchinson,43.22024,-97.56497
Menno,2021,10610,0.22,Hutchinson,43.22024,-97.56497
Midland,2019,15933,0.20,Haakon,44.1231,-101.20508
Midland,2020,10157,0.17,Haakon,44.1231,-101.20508
Midland,2021,11289,0.13,Haakon,44.1231,-101.20508
Milbank,2019,89726,0.84,Grant,45.20829,-96.62004
Milbank,2020,66084,0.77,Grant,45.20829,-96.62004
Milbank,2021,75866,0.78,Grant,45.20829,-96.62004
Milesville,2019,3083,0.04,Haakon,44.54925,-101.62466
Milesville,2020,1495,0.03,Haakon,44.54925,-101.62466
Milesville,2021,2006,0.02,Haakon,44.54925,-101.62466
Miller,2019,37956,1.05,Hand,44.53556,-98.99643
Miller,2020,39769,1.12,Hand,44.53556,-98.99643
Miller,2021,45912,1.05,Hand,44.53556,-98.99643
Mission,2019,30691,0.86,Todd,43.28807,-100.62303
Mission,2020,13371,0.68,Todd,43.28807,-100.62303
Mission,2021,18505,0.73,Todd,43.28807,-100.62303
Mission Hill,2019,637,0.00,Yankton,42.9411,-97.29672
Mission Hill,2020,1806,0.01,Yankton,42.9411,-97.29672
Mission Hill,2021,3193,0.02,Yankton,42.9411,-97.29672
Mitchell,2019,381382,0.89,Davison,43.71024,-98.02805
Mitchell,2020,272173,0.86,Davison,43.71024,-98.02805
Mitchell,2021,371751,0.91,Davison,43.71024,-98.02805
Mobridge,2019,75555,0.80,Walworth,45.54586,-100.44026
Mobridge,2020,67793,0.85,Walworth,45.54586,-100.44026
Mobridge,2021,65115,0.76,Walworth,45.54586,-100.44026
Monroe,2019,0,0.00,Turner,43.48708,-97.2247
Monroe,2020,44,0.00,Turner,43.48708,-97.2247
Monroe,2021,823,0.02,Turner,43.48708,-97.2247
Montrose,2019,2612,0.05,Mccook,43.71464,-97.19107
Montrose,2020,2723,0.07,Mccook,43.71464,-97.19107
Montrose,2021,3756,0.10,Mccook,43.71464,-97.19107
Morristown,2019,1351,0.05,Corson,46.0118,-101.71809
Morristown,2020,1471,0.05,Corson,46.0118,-101.71809
Morristown,2021,1317,0.04,Corson,46.0118,-101.71809
Mound City,2019,1835,0.07,Campbell,45.71248,-100.0971
Mound City,2020,4404,0.22,Campbell,45.71248,-100.0971
Mound City,2021,4285,0.18,Campbell,45.71248,-100.0971
Mount Vernon,2019,9605,0.02,Davison,43.69658,-98.26459
Mount Vernon,2020,9947,0.03,Davison,43.69658,-98.26459
Mount Vernon,2021,9892,0.02,Davison,43.69658,-98.26459
Mud Butte,2019,182,0.00,Meade,44.9452,-102.54616
Mud Butte,2020,1158,0.00,Meade,44.9452,-102.54616
Mud Butte,2021,1073,0.00,Meade,44.9452,-102.54616
Murdo,2019,44133,0.52,Jones,43.88121,-100.70268
Murdo,2020,24141,0.35,Jones,43.88121,-100.70268
Murdo,2021,25693,0.33,Jones,43.88121,-100.70268
Nemo,2019,11419,0.01,Lawrence,44.24282,-103.57364
Nemo,2020,9048,0.01,Lawrence,44.24282,-103.57364
Nemo,2021,14875,0.02,Lawrence,44.24282,-103.57364
New Effington,2019,1741,0.01,Roberts,45.87979,-96.95467
New Effington,2020,3053,0.02,Roberts,45.87979,-96.95467
New Effington,2021,3684,0.02,Roberts,45.87979,-96.95467
New Holland,2019,0,0.00,Douglas,43.43966,-98.59171
New Holland,2020,73,0.00,Douglas,43.43966,-98.59171
New Holland,2021,0,0.00,Douglas,43.43966,-98.59171
New Underwood,2019,4047,0.00,Pennington,44.12218,-102.84253
New Underwood,2020,8607,0.00,Pennington,44.12218,-102.84253
New Underwood,2021,6249,0.00,Pennington,44.12218,-102.84253
Newell,2019,15252,0.08,Butte,44.78811,-103.38206
Newell,2020,17208,0.09,Butte,44.78811,-103.38206
Newell,2021,15113,0.08,Butte,44.78811,-103.38206
Nisland,2019,2291,0.01,Butte,44.69593,-103.56738
Nisland,2020,3078,0.02,Butte,44.69593,-103.56738
Nisland,2021,4087,0.02,Butte,44.69593,-103.56738
Norris,2019,2354,0.12,Mellette,43.45438,-101.14369
Norris,2020,1738,0.13,Mellette,43.45438,-101.14369
Norris,2021,1005,0.06,Mellette,43.45438,-101.14369
North Sioux City,2019,105887,0.45,Union,42.50975,-96.49083
North Sioux City,2020,68194,0.40,Union,42.50975,-96.49083
North Sioux City,2021,85828,0.42,Union,42.50975,-96.49083
Northville,2019,2819,0.04,Spink,45.16064,-98.63201
Northville,2020,1799,0.03,Spink,45.16064,-98.63201
Northville,2021,1911,0.03,Spink,45.16064,-98.63201
Nunda,2019,0,0.00,Lake,44.15969,-96.9993
Nunda,2020,1117,0.02,Lake,44.15969,-96.9993
Nunda,2021,517,0.01,Lake,44.15969,-96.9993
Oacoma,2019,86812,0.24,Lyman,43.80452,-99.39071
Oacoma,2020,60978,0.23,Lyman,43.80452,-99.39071
Oacoma,2021,69966,0.23,Lyman,43.80452,-99.39071
Oelrichs,2019,612,0.00,Fall River,43.16227,-103.25167
Oelrichs,2020,3115,0.02,Fall River,43.16227,-103.25167
Oelrichs,2021,3462,0.02,Fall River,43.16227,-103.25167
Oglala,2019,12272,0.23,Oglala Lakota,43.17467,-102.7953
Oglala,2020,1976,0.07,Oglala Lakota,43.17467,-102.7953
Oglala,2021,8653,0.18,Oglala Lakota,43.17467,-102.7953
Okaton,2019,1843,0.02,Jones,43.92109,-100.93393
Okaton,2020,1117,0.02,Jones,43.92109,-100.93393
Okaton,2021,1597,0.02,Jones,43.92109,-100.93393
Okreek,2019,0,0.00,Todd,43.33415,-100.39836
Okreek,2020,843,0.04,Todd,43.33415,-100.39836
Okreek,2021,655,0.03,Todd,43.33415,-100.39836
Oldham,2019,354,0.00,Kingsbury,44.23045,-97.29083
Oldham,2020,1023,0.02,Kingsbury,44.23045,-97.29083
Oldham,2021,1209,0.02,Kingsbury,44.23045,-97.29083
Olivet,2019,1722,0.04,Hutchinson,43.29628,-97.70489
Olivet,2020,2066,0.06,Hutchinson,43.29628,-97.70489
Olivet,2021,2738,0.06,Hutchinson,43.29628,-97.70489
Onaka,2019,1131,0.04,Faulk,45.24855,-99.45423
Onaka,2020,1486,0.07,Faulk,45.24855,-99.45423
Onaka,2021,1474,0.07,Faulk,45.24855,-99.45423
Onida,2019,19472,0.76,Sully,44.70693,-100.0563
Onida,2020,17269,0.89,Sully,44.70693,-100.0563
Onida,2021,19316,1.05,Sully,44.70693,-100.0563
Oral,2019,1311,0.01,Fall River,43.37619,-103.29408
Oral,2020,871,0.01,Fall River,43.37619,-103.29408
Oral,2021,1885,0.01,Fall River,43.37619,-103.29408
Orient,2019,5314,0.15,Hand,44.81475,-99.15037
Orient,2020,3828,0.11,Hand,44.81475,-99.15037
Orient,2021,5476,0.12,Hand,44.81475,-99.15037
Ortley,2019,0,0.00,Roberts,45.2786,-97.20393
Ortley,2020,355,0.00,Roberts,45.2786,-97.20393
Ortley,2021,371,0.00,Roberts,45.2786,-97.20393
Owanka,2019,2002,0.00,Pennington,44.1038,-102.62347
Owanka,2020,923,0.00,Pennington,44.1038,-102.62347
Owanka,2021,345,0.00,Pennington,44.1038,-102.62347
Parker,2019,12029,0.30,Turner,43.40421,-97.13642
Parker,2020,10980,0.35,Turner,43.40421,-97.13642
Parker,2021,14306,0.37,Turner,43.40421,-97.13642
Parkston,2019,23787,0.49,Hutchinson,43.39185,-97.98157
Parkston,2020,18536,0.53,Hutchinson,43.39185,-97.98157
Parkston,2021,21555,0.44,Hutchinson,43.39185,-97.98157
Parmelee,2019,457,0.01,Todd,43.31622,-101.03143
Parmelee,2020,3850,0.20,Todd,43.31622,-101.03143
Parmelee,2021,2742,0.11,Todd,43.31622,-101.03143
Peever,2019,1785,0.01,Roberts,45.51986,-97.00707
Peever,2020,1181,0.01,Roberts,45.51986,-97.00707
Peever,2021,3092,0.02,Roberts,45.51986,-97.00707
Philip,2019,35263,0.45,Haakon,44.05154,-101.67146
Philip,2020,31924,0.55,Haakon,44.05154,-101.67146
Philip,2021,45829,0.55,Haakon,44.05154,-101.67146
Pickstown,2019,11296,0.08,Charles Mix,43.0689,-98.54691
Pickstown,2020,14904,0.10,Charles Mix,43.0689,-98.54691
Pickstown,2021,10052,0.06,Charles Mix,43.0689,-98.54691
Piedmont,2019,19782,0.04,Meade,44.23335,-103.34983
Piedmont,2020,23670,0.05,Meade,44.23335,-103.34983
Piedmont,2021,26912,0.05,Meade,44.23335,-103.34983
Pierpont,2019,0,0.00,Day,45.49455,-97.79685
Pierpont,2020,1458,0.02,Day,45.49455,-97.79685
Pierpont,2021,1617,0.02,Day,45.49455,-97.79685
Pierre,2019,409251,1.32,Hughes,44.38026,-100.32782
Pierre,2020,310549,1.22,Hughes,44.38026,-100.32782
Pierre,2021,343302,1.17,Hughes,44.38026,-100.32782
Pine Ridge,2019,28986,0.55,Oglala Lakota,43.03728,-102.54829
Pine Ridge,2020,28515,1.00,Oglala Lakota,43.03728,-102.54829
Pine Ridge,2021,39416,0.83,Oglala Lakota,43.03728,-102.54829
Plankinton,2019,34534,0.51,Aurora,43.72192,-98.47147
Plankinton,2020,28355,0.49,Aurora,43.72192,-98.47147
Plankinton,2021,29046,0.48,Aurora,43.72192,-98.47147
Platte,2019,83681,0.57,Charles Mix,43.41374,-98.88467
Platte,2020,89462,0.58,Charles Mix,43.41374,-98.88467
Platte,2021,95335,0.56,Charles Mix,43.41374,-98.88467
Pollock,2019,17533,0.66,Campbell,45.89973,-100.27272
Pollock,2020,10224,0.51,Campbell,45.89973,-100.27272
Pollock,2021,13241,0.55,Campbell,45.89973,-100.27272
Porcupine,2019,9038,0.17,Oglala Lakota,43.2891,-102.36674
Porcupine,2020,1529,0.05,Oglala Lakota,43.2891,-102.36674
Porcupine,2021,4736,0.10,Oglala Lakota,43.2891,-102.36674
Prairie City,2019,681,0.01,Perkins,45.50615,-102.77049
Prairie City,2020,2844,0.06,Perkins,45.50615,-102.77049
Prairie City,2021,2959,0.06,Perkins,45.50615,-102.77049
Presho,2019,47294,0.13,Lyman,43.89005,-100.06063
Presho,2020,25939,0.10,Lyman,43.89005,-100.06063
Presho,2021,26591,0.09,Lyman,43.89005,-100.06063
Pringle,2019,802,0.00,Custer,43.61572,-103.60107
Pringle,2020,250,0.00,Custer,43.61572,-103.60107
Pringle,2021,391,0.00,Custer,43.61572,-103.60107
Pukwana,2019,7402,0.04,Brule,43.80198,-99.17567
Pukwana,2020,7793,0.05,Brule,43.80198,-99.17567
Pukwana,2021,9653,0.06,Brule,43.80198,-99.17567
Quinn,2019,842,0.00,Pennington,44.05734,-102.07468
Quinn,2020,944,0.00,Pennington,44.05734,-102.07468
Quinn,2021,1315,0.00,Pennington,44.05734,-102.07468
Ralph,2019,387,0.01,Harding,45.85725,-103.03319
Ralph,2020,781,0.02,Harding,45.85725,-103.03319
Ralph,2021,452,0.01,Harding,45.85725,-103.03319
Ramona,2019,2275,0.03,Lake,44.12856,-97.21337
Ramona,2020,2989,0.05,Lake,44.12856,-97.21337
Ramona,2021,1292,0.02,Lake,44.12856,-97.21337
Rapid City,2019,1711926,0.69,Pennington,44.06365,-103.23241
Rapid City,2020,1442141,0.67,Pennington,44.06365,-103.23241
Rapid City,2021,1694637,0.71,Pennington,44.06365,-103.23241
Raymond,2019,5737,0.13,Clark,45.02144,-95.22537
Raymond,2020,2711,0.07,Clark,45.02144,-95.22537
Raymond,2021,3300,0.06,Clark,45.02144,-95.22537
Redfield,2019,50027,0.78,Spink,44.88143,-98.52595
Redfield,2020,36619,0.66,Spink,44.88143,-98.52595
Redfield,2021,44751,0.64,Spink,44.88143,-98.52595
Redig,2019,670,0.02,Harding,45.2417,-103.42529
Redig,2020,382,0.01,Harding,45.2417,-103.42529
Redig,2021,166,0.01,Harding,45.2417,-103.42529
Ree Heights,2019,2966,0.08,Hand,44.45103,-99.22928
Ree Heights,2020,2139,0.06,Hand,44.45103,-99.22928
Ree Heights,2021,2401,0.05,Hand,44.45103,-99.22928
Reliance,2019,15401,0.04,Lyman,43.91003,-99.52772
Reliance,2020,15635,0.06,Lyman,43.91003,-99.52772
Reliance,2021,16788,0.06,Lyman,43.91003,-99.52772
Renner,2019,6181,0.00,Minnehaha,43.66327,-96.72298
Renner,2020,4951,0.00,Minnehaha,43.66327,-96.72298
Renner,2021,4392,0.00,Minnehaha,43.66327,-96.72298
Reva,2019,5362,0.15,Harding,45.52704,-103.11802
Reva,2020,5835,0.17,Harding,45.52704,-103.11802
Reva,2021,4180,0.13,Harding,45.52704,-103.11802
Revillo,2019,3096,0.03,Grant,45.00553,-96.54295
Revillo,2020,3535,0.04,Grant,45.00553,-96.54295
Revillo,2021,3509,0.04,Grant,45.00553,-96.54295
Ridgeview,2019,1898,0.04,Dewey,45.16214,-100.65555
Ridgeview,2020,1640,0.05,Dewey,45.16214,-100.65555
Ridgeview,2021,1886,0.04,Dewey,45.16214,-100.65555
Rockham,2019,1881,0.07,Faulk,44.84403,-98.8907
Rockham,2020,1788,0.08,Faulk,44.84403,-98.8907
Rockham,2021,2342,0.12,Faulk,44.84403,-98.8907
Roscoe,2019,5521,0.12,Edmunds,45.41588,-99.35427
Roscoe,2020,8255,0.22,Edmunds,45.41588,-99.35427
Roscoe,2021,10686,0.22,Edmunds,45.41588,-99.35427
Rosebud,2019,14041,0.40,Todd,43.25153,-100.85783
Rosebud,2020,6474,0.33,Todd,43.25153,-100.85783
Rosebud,2021,7832,0.31,Todd,43.25153,-100.85783
Rosholt,2019,9846,0.07,Roberts,45.85434,-96.73101
Rosholt,2020,8450,0.07,Roberts,45.85434,-96.73101
Rosholt,2021,10214,0.07,Roberts,45.85434,-96.73101
Roslyn,2019,4313,0.04,Day,45.51394,-97.46479
Roslyn,2020,4967,0.05,Day,45.51394,-97.46479
Roslyn,2021,2758,0.03,Day,45.51394,-97.46479
Rutland,2019,1074,0.01,Lake,46.0554,-97.49768
Rutland,2020,619,0.01,Lake,46.0554,-97.49768
Rutland,2021,747,0.01,Lake,46.0554,-97.49768
Saint Charles,2019,0,0.00,Gregory,38.76336,-90.56079
Saint Charles,2020,70,0.00,Gregory,38.76336,-90.56079
Saint Charles,2021,0,0.00,Gregory,38.76336,-90.56079
Saint Francis,2019,1596,0.05,Todd,43.13349,-100.95564
Saint Francis,2020,1464,0.07,Todd,43.13349,-100.95564
Saint Francis,2021,2937,0.12,Todd,43.13349,-100.95564
Saint Lawrence,2019,2947,0.08,Hand,44.46604,-98.91284
Saint Lawrence,2020,4621,0.13,Hand,44.46604,-98.91284
Saint Lawrence,2021,7619,0.17,Hand,44.46604,-98.91284
Saint Onge,2019,7155,0.01,Lawrence,44.57719,-103.80277
Saint Onge,2020,3413,0.00,Lawrence,44.57719,-103.80277
Saint Onge,2021,2719,0.00,Lawrence,44.57719,-103.80277
Salem,2019,12854,0.26,Mccook,43.73466,-97.38319
Salem,2020,14499,0.35,Mccook,43.73466,-97.38319
Salem,2021,16583,0.44,Mccook,43.73466,-97.38319
Scenic,2019,2626,0.00,Pennington,43.771,-102.36475
Scenic,2020,3156,0.00,Pennington,43.771,-102.36475
Scenic,2021,3014,0.00,Pennington,43.771,-102.36475
Scotland,2019,10081,0.18,Bon Homme,43.13193,-97.73054
Scotland,2020,10446,0.23,Bon Homme,43.13193,-97.73054
Scotland,2021,9116,0.16,Bon Homme,43.13193,-97.73054
Selby,2019,23664,0.25,Walworth,45.50347,-100.05266
Selby,2020,16191,0.20,Walworth,45.50347,-100.05266
Selby,2021,19673,0.23,Walworth,45.50347,-100.05266
Seneca,2019,5385,0.21,Faulk,44.9797,-99.4727
Seneca,2020,2245,0.11,Faulk,44.9797,-99.4727
Seneca,2021,2321,0.11,Faulk,44.9797,-99.4727
Sinai,2019,0,0.00,Brookings,44.23363,-97.05179
Sinai,2020,65,0.00,Brookings,44.23363,-97.05179
Sinai,2021,81,0.00,Brookings,44.23363,-97.05179
Sioux Falls,2019,3365800,1.20,Minnehaha,43.52103,-96.7446
Sioux Falls,2020,2390192,1.25,Minnehaha,43.52103,-96.7446
Sioux Falls,2021,3096362,1.24,Minnehaha,43.52103,-96.7446
Sisseton,2019,53705,0.36,Roberts,45.66525,-97.05598
Sisseton,2020,38928,0.30,Roberts,45.66525,-97.05598
Sisseton,2021,43288,0.28,Roberts,45.66525,-97.05598
Smithwick,2019,0,0.00,Fall River,43.3374,-103.17627
Smithwick,2020,140,0.00,Fall River,43.3374,-103.17627
Smithwick,2021,300,0.00,Fall River,43.3374,-103.17627
South Shore,2019,5243,0.01,Codington,45.11675,-96.95179
South Shore,2020,4334,0.01,Codington,45.11675,-96.95179
South Shore,2021,3117,0.01,Codington,45.11675,-96.95179
Spearfish,2019,270413,0.27,Lawrence,44.4937,-103.85857
Spearfish,2020,183793,0.22,Lawrence,44.4937,-103.85857
Spearfish,2021,235577,0.25,Lawrence,44.4937,-103.85857
Spencer,2019,8707,0.18,Mccook,43.14112,-95.1508
Spencer,2020,3903,0.09,Mccook,43.14112,-95.1508
Spencer,2021,2380,0.06,Mccook,43.14112,-95.1508
Springfield,2019,17698,0.32,Bon Homme,42.86107,-97.90949
Springfield,2020,16654,0.37,Bon Homme,42.86107,-97.90949
Springfield,2021,24283,0.43,Bon Homme,42.86107,-97.90949
Stephan,2019,2352,0.09,Hyde,44.23096,-99.46955
Stephan,2020,3743,0.19,Hyde,44.23096,-99.46955
Stephan,2021,1248,0.06,Hyde,44.23096,-99.46955
Stickney,2019,6038,0.09,Aurora,43.574,-98.46134
Stickney,2020,5798,0.10,Aurora,43.574,-98.46134
Stickney,2021,6663,0.11,Aurora,43.574,-98.46134
Stockholm,2019,582,0.01,Grant,45.11719,-96.79213
Stockholm,2020,2725,0.03,Grant,45.11719,-96.79213
Stockholm,2021,5639,0.06,Grant,45.11719,-96.79213
Strandburg,2019,542,0.01,Grant,45.02457,-96.75734
Strandburg,2020,897,0.01,Grant,45.02457,-96.75734
Strandburg,2021,599,0.01,Grant,45.02457,-96.75734
Stratford,2019,1211,0.00,Brown,45.32277,-98.27547
Stratford,2020,345,0.00,Brown,45.32277,-98.27547
Stratford,2021,1429,0.00,Brown,45.32277,-98.27547
Sturgis,2019,207859,0.44,Meade,44.3994,-103.50507
Sturgis,2020,180528,0.41,Meade,44.3994,-103.50507
Sturgis,2021,203176,0.40,Meade,44.3994,-103.50507
Summit,2019,31799,0.21,Roberts,45.2663,-97.07291
Summit,2020,29859,0.23,Roberts,45.2663,-97.07291
Summit,2021,30603,0.20,Roberts,45.2663,-97.07291
Tabor,2019,8363,0.15,Bon Homme,42.92784,-97.66494
Tabor,2020,7406,0.16,Bon Homme,42.92784,-97.66494
Tabor,2021,9175,0.16,Bon Homme,42.92784,-97.66494
Tea,2019,51062,0.09,Lincoln,43.44883,-96.83738
Tea,2020,37317,0.10,Lincoln,43.44883,-96.83738
Tea,2021,40802,0.08,Lincoln,43.44883,-96.83738
Timber Lake,2019,10906,0.23,Dewey,45.41841,-101.10121
Timber Lake,2020,8542,0.24,Dewey,45.41841,-101.10121
Timber Lake,2021,10452,0.22,Dewey,45.41841,-101.10121
Tolstoy,2019,300,0.01,Potter,45.23741,-99.62575
Tolstoy,2020,1083,0.03,Potter,45.23741,-99.62575
Tolstoy,2021,1657,0.04,Potter,45.23741,-99.62575
Toronto,2019,3228,0.05,Deuel,44.58358,-96.67461
Toronto,2020,2962,0.06,Deuel,44.58358,-96.67461
Toronto,2021,3285,0.07,Deuel,44.58358,-96.67461
Trail City,2019,1638,0.06,Corson,45.49156,-100.98642
Trail City,2020,3600,0.12,Corson,45.49156,-100.98642
Trail City,2021,2731,0.09,Corson,45.49156,-100.98642
Trent,2019,264,0.01,Moody,43.91397,-96.64348
Trent,2020,1031,0.03,Moody,43.91397,-96.64348
Trent,2021,1296,0.03,Moody,43.91397,-96.64348
Tripp,2019,3512,0.07,Hutchinson,43.21969,-97.93967
Tripp,2020,8958,0.25,Hutchinson,43.21969,-97.93967
Tripp,2021,3397,0.07,Hutchinson,43.21969,-97.93967
Tulare,2019,4346,0.07,Spink,44.73247,-98.55706
Tulare,2020,4575,0.08,Spink,44.73247,-98.55706
Tulare,2021,5207,0.07,Spink,44.73247,-98.55706
Turton,2019,589,0.01,Spink,45.06002,-98.11354
Turton,2020,282,0.01,Spink,45.06002,-98.11354
Turton,2021,974,0.01,Spink,45.06002,-98.11354
Tuthill,2019,1969,0.08,Bennett,43.18376,-101.33489
Tuthill,2020,3968,0.17,Bennett,43.18376,-101.33489
Tuthill,2021,1841,0.06,Bennett,43.18376,-101.33489
Twin Brooks,2019,5668,0.05,Grant,45.22536,-96.78053
Twin Brooks,2020,4633,0.05,Grant,45.22536,-96.78053
Twin Brooks,2021,3924,0.04,Grant,45.22536,-96.78053
Tyndall,2019,11495,0.21,Bon Homme,43.00208,-97.85809
Tyndall,2020,7393,0.16,Bon Homme,43.00208,-97.85809
Tyndall,2021,11687,0.21,Bon Homme,43.00208,-97.85809
Union Center,2019,1472,0.00,Meade,44.64787,-102.58769
Union Center,2020,1445,0.00,Meade,44.64787,-102.58769
Union Center,2021,4422,0.01,Meade,44.64787,-102.58769
Utica,2019,1133,0.00,Yankton,43.01506,-97.47748
Utica,2020,2439,0.01,Yankton,43.01506,-97.47748
Utica,2021,933,0.00,Yankton,43.01506,-97.47748
Vale,2019,545,0.00,Butte,44.61008,-103.39364
Vale,2020,3210,0.02,Butte,44.61008,-103.39364
Vale,2021,1892,0.01,Butte,44.61008,-103.39364
Valley Springs,2019,9425,0.00,Minnehaha,43.57662,-96.49056
Valley Springs,2020,7324,0.00,Minnehaha,43.57662,-96.49056
Valley Springs,2021,8882,0.00,Minnehaha,43.57662,-96.49056
Veblen,2019,11306,0.21,Marshall,45.85828,-97.32855
Veblen,2020,8844,0.22,Marshall,45.85828,-97.32855
Veblen,2021,6433,0.13,Marshall,45.85828,-97.32855
Vermillion,2019,175060,1.03,Clay,42.78673,-96.93182
Vermillion,2020,100018,0.86,Clay,42.78673,-96.93182
Vermillion,2021,168385,1.01,Clay,42.78673,-96.93182
Viborg,2019,11444,0.29,Turner,43.18279,-97.11493
Viborg,2020,7619,0.25,Turner,43.18279,-97.11493
Viborg,2021,6789,0.17,Turner,43.18279,-97.11493
Vienna,2019,3781,0.09,Clark,44.73528,-97.49268
Vienna,2020,3756,0.10,Clark,44.73528,-97.49268
Vienna,2021,6703,0.13,Clark,44.73528,-97.49268
Virgil,2019,838,0.00,Beadle,44.27842,-98.49463
Virgil,2020,1242,0.01,Beadle,44.27842,-98.49463
Virgil,2021,1455,0.01,Beadle,44.27842,-98.49463
Vivian,2019,23992,0.07,Lyman,43.8983,-100.29853
Vivian,2020,13564,0.05,Lyman,43.8983,-100.29853
Vivian,2021,11530,0.04,Lyman,43.8983,-100.29853
Volga,2019,19125,0.04,Brookings,44.30845,-96.9257
Volga,2020,21853,0.09,Brookings,44.30845,-96.9257
Volga,2021,17515,0.05,Brookings,44.30845,-96.9257
Volin,2019,5519,0.02,Yankton,42.96741,-97.17499
Volin,2020,2101,0.01,Yankton,42.96741,-97.17499
Volin,2021,5129,0.03,Yankton,42.96741,-97.17499
Wagner,2019,39205,0.27,Charles Mix,43.077,-98.28506
Wagner,2020,38353,0.25,Charles Mix,43.077,-98.28506
Wagner,2021,44669,0.26,Charles Mix,43.077,-98.28506
Wakonda,2019,1014,0.01,Clay,43.0165,-97.08569
Wakonda,2020,3159,0.03,Clay,43.0165,-97.08569
Wakonda,2021,5078,0.03,Clay,43.0165,-97.08569
Wakpala,2019,1389,0.05,Corson,45.65742,-100.56709
Wakpala,2020,4263,0.14,Corson,45.65742,-100.56709
Wakpala,2021,4308,0.14,Corson,45.65742,-100.56709
Walker,2020,256,0.01,Corson,47.09179,-94.55889
Walker,2021,49,0.00,Corson,47.09179,-94.55889
Wall,2019,46081,0.02,Pennington,44.02952,-102.23218
Wall,2020,34709,0.02,Pennington,44.02952,-102.23218
Wall,2021,47409,0.02,Pennington,44.02952,-102.23218
Wallace,2019,813,0.00,Codington,45.07971,-97.47813
Wallace,2020,408,0.00,Codington,45.07971,-97.47813
Wallace,2021,399,0.00,Codington,45.07971,-97.47813
Wanblee,2019,7088,0.04,Jackson,43.56495,-101.64465
Wanblee,2020,6267,0.04,Jackson,43.56495,-101.64465
Wanblee,2021,7351,0.04,Jackson,43.56495,-101.64465
Warner,2019,2763,0.00,Brown,45.32773,-98.4925
Warner,2020,3595,0.00,Brown,45.32773,-98.4925
Warner,2021,5982,0.01,Brown,45.32773,-98.4925
Wasta,2019,276,0.00,Pennington,44.14292,-102.43696
Wasta,2020,2958,0.00,Pennington,44.14292,-102.43696
Wasta,2021,3572,0.00,Pennington,44.14292,-102.43696
Watauga,2019,1575,0.05,Corson,45.87503,-101.64422
Watauga,2020,1780,0.06,Corson,45.87503,-101.64422
Watauga,2021,1671,0.05,Corson,45.87503,-101.64422
Watertown,2019,618669,1.40,Codington,44.90491,-97.11845
Watertown,2020,492235,1.47,Codington,44.90491,-97.11845
Watertown,2021,558694,1.37,Codington,44.90491,-97.11845
Waubay,2019,47105,0.41,Day,45.35546,-97.28961
Waubay,2020,39525,0.43,Day,45.35546,-97.28961
Waubay,2021,44940,0.42,Day,45.35546,-97.28961
Webster,2019,70653,0.61,Day,45.32946,-97.53275
Webster,2020,56273,0.61,Day,45.32946,-97.53275
Webster,2021,68430,0.64,Day,45.32946,-97.53275
Wentworth,2019,7530,0.09,Lake,43.95714,-96.9827
Wentworth,2020,12400,0.19,Lake,43.95714,-96.9827
Wentworth,2021,10083,0.13,Lake,43.95714,-96.9827
Wessington,2019,11333,0.06,Beadle,44.40956,-98.71808
Wessington,2020,7171,0.05,Beadle,44.40956,-98.71808
Wessington,2021,10242,0.05,Beadle,44.40956,-98.71808
Wessington Springs,2019,32008,1.15,Jerauld,44.10303,-98.57965
Wessington Springs,2020,23708,1.20,Jerauld,44.10303,-98.57965
Wessington Springs,2021,32135,1.21,Jerauld,44.10303,-98.57965
Westport,2019,3502,0.00,Brown,45.6725,-98.58358
Westport,2020,1996,0.00,Brown,45.6725,-98.58358
Westport,2021,3354,0.00,Brown,45.6725,-98.58358
White,2019,9241,0.02,Brookings,44.4044,-96.64729
White,2020,8822,0.03,Brookings,44.4044,-96.64729
White,2021,12142,0.04,Brookings,44.4044,-96.64729
White Lake,2019,19150,0.28,Aurora,43.73237,-98.71683
White Lake,2020,14122,0.24,Aurora,43.73237,-98.71683
White Lake,2021,14264,0.24,Aurora,43.73237,-98.71683
White Owl,2019,4128,0.01,Meade,44.56178,-102.46598
White Owl,2020,2342,0.01,Meade,44.56178,-102.46598
White Owl,2021,685,0.00,Meade,44.56178,-102.46598
White River,2019,15332,0.80,Mellette,43.57476,-100.74212
White River,2020,11524,0.84,Mellette,43.57476,-100.74212
White River,2021,14616,0.89,Mellette,43.57476,-100.74212
Whitehorse,2019,0,0.00,Dewey,45.25426,-100.91413
Whitehorse,2020,53,0.00,Dewey,45.25426,-100.91413
Whitehorse,2021,289,0.01,Dewey,45.25426,-100.91413
Whitewood,2019,14699,0.01,Lawrence,44.47257,-103.60759
Whitewood,2020,16271,0.02,Lawrence,44.47257,-103.60759
Whitewood,2021,19007,0.02,Lawrence,44.47257,-103.60759
Willow Lake,2019,11507,0.26,Clark,44.6286,-97.65031
Willow Lake,2020,14192,0.38,Clark,44.6286,-97.65031
Willow Lake,2021,17369,0.34,Clark,44.6286,-97.65031
Wilmot,2019,22174,0.15,Roberts,45.42511,-96.84091
Wilmot,2020,18008,0.14,Roberts,45.42511,-96.84091
Wilmot,2021,26358,0.17,Roberts,45.42511,-96.84091
Winfred,2019,1856,0.02,Lake,43.98652,-97.34438
Winfred,2020,3128,0.05,Lake,43.98652,-97.34438
Winfred,2021,3454,0.05,Lake,43.98652,-97.34438
Winner,2019,99924,1.26,Tripp,43.36312,-99.88169
Winner,2020,80853,1.11,Tripp,43.36312,-99.88169
Winner,2021,82472,1.15,Tripp,43.36312,-99.88169
Witten,2019,1761,0.02,Tripp,43.53271,-100.06417
Witten,2020,2369,0.03,Tripp,43.53271,-100.06417
Witten,2021,2336,0.03,Tripp,43.53271,-100.06417
Wolsey,2019,12098,0.06,Beadle,44.40265,-98.46502
Wolsey,2020,14717,0.09,Beadle,44.40265,-98.46502
Wolsey,2021,15812,0.08,Beadle,44.40265,-98.46502
Wood,2019,4872,0.25,Mellette,43.50725,-100.43313
Wood,2020,5374,0.39,Mellette,43.50725,-100.43313
Wood,2021,3544,0.21,Mellette,43.50725,-100.43313
Woonsocket,2019,15371,0.59,Sanborn,44.05202,-98.27965
Woonsocket,2020,9759,0.56,Sanborn,44.05202,-98.27965
Woonsocket,2021,13345,0.71,Sanborn,44.05202,-98.27965
Worthing,2019,6336,0.01,Lincoln,43.33319,-96.77266
Worthing,2020,8199,0.02,Lincoln,43.33319,-96.77266
Worthing,2021,9507,0.02,Lincoln,43.33319,-96.77266
Wounded Knee,2019,1562,0.03,Oglala Lakota,43.14228,-102.3779
Wounded Knee,2020,1459,0.05,Oglala Lakota,43.14228,-102.3779
Wounded Knee,2021,1258,0.03,Oglala Lakota,43.14228,-102.3779
Yale,2019,1565,0.01,Beadle,44.47628,-97.99547
Yale,2020,2907,0.02,Beadle,44.47628,-97.99547
Yale,2021,2979,0.02,Beadle,44.47628,-97.99547
Yankton,2019,276167,1.16,Yankton,42.88881,-97.41057
Yankton,2020,206701,1.21,Yankton,42.88881,-97.41057
Yankton,2021,237142,1.17,Yankton,42.88881,-97.41057
